01101,"ｶﾌﾞｼｷｶﾞｲｼﾔ ｾｲﾌﾞﾋﾔﾂｶﾃﾝ ｻﾂﾎﾟﾛﾃﾝ","株式会社　西武百貨店　札幌店","北海道","札幌市中央区","北四条西","３丁目１","0608555","060  ","札幌中央",0,0,5
01101,"ｶﾌﾞｼｷｶﾞｲｼﾔ ｿﾜﾝ･ｴﾌ","（株）　ソワン・エフ","北海道","札幌市中央区","南一条西","１２丁目４番地","0608512","060  ","札幌中央",0,0,5
01101,"ｶﾌﾞｼｷｶﾞｲｼﾔ ﾀｹﾌｼﾞ ｻﾂﾎﾟﾛｼﾃﾝ","株式会社　武富士　札幌支店","北海道","札幌市中央区","北一条西","３丁目札幌メダルビル２Ｆ","0608626","060  ","札幌中央",0,0,5
01101,"ｶﾌﾞｼｷｶﾞｲｼﾔ ﾌﾖｳｻｷﾅ","株式会社　フヨウサキナ","北海道","札幌市中央区","南一条西","１２丁目４番地","0608512","060  ","札幌中央",0,0,5
01101,"ｽｷ-ﾊｳｽ","スキーハウス","北海道","札幌市中央区","北三条西","２丁目２番１号ライラックビル２Ｆ","0608514","060  ","札幌中央",0,0,5
01101,"ｿﾈﾂﾄｴﾝﾀﾃｲﾝﾒﾝﾄ ｶﾌﾞｼｷｶﾞｲｼﾔ ｿﾈﾂﾄｻﾂﾎﾟﾛｼﾞﾑｾﾝﾀ-","ソネットエンタテインメント　株式会社　Ｓｏ−ｎｅｔ札幌事務センター","北海道","札幌市中央区","北一条西","７丁目１番２５号プレスト１・７ビル８Ｆ","0608564","060  ","札幌中央",0,0,5
01101,"ﾌﾖｳｴｽﾃ-ﾄ ｶﾌﾞｼｷｶﾞｲｼﾔ","扶洋エステート　（株）","北海道","札幌市中央区","南一条西","１２丁目４番地","0608512","060  ","札幌中央",0,0,5
01101,"ﾌﾖｳﾏﾈ-ｼﾞﾒﾝﾄｻ-ﾋﾞｽ ｶﾌﾞｼｷｶﾞｲｼﾔ","扶洋マネージメントサービス　（株）","北海道","札幌市中央区","南一条西","１２丁目４番地","0608512","060  ","札幌中央",0,0,5
01101,"ﾌﾖｳﾔｸﾋﾝ ｶﾌﾞｼｷｶﾞｲｼﾔ","扶洋薬品　株式会社","北海道","札幌市中央区","南一条西","１２丁目４扶洋第一ビル","0608512","060  ","札幌中央",0,0,5
01101,"ｴｽｴｽｾｲﾔｸ ｶﾌﾞｼｷｶﾞｲｼﾔ ﾎﾂｶｲﾄﾞｳｼﾃﾝ","エスエス製薬　株式会社　北海道支店","北海道","札幌市中央区","宮の森三条","１丁目５−４６","0648641","064  ","山鼻",0,0,5
01101,"ｶﾌﾞｼｷｶｲｼﾔ ｶﾞｸｾｲｴﾝｺﾞｶｲﾎﾂｶｲﾄﾞｳ","株式会社　学生援護会北海道","北海道","札幌市中央区","大通西","２６丁目１−２円山公園ビル２階","0648605","064  ","山鼻",0,0,5
01101,"ｶﾌﾞｼｷｶﾞｲｼﾔ ｱﾏﾈｾﾙ","株式会社　アマネセル","北海道","札幌市中央区","南十一条西","１丁目２−１６","0648511","064  ","山鼻",0,0,5
01101,"ｶﾌﾞｼｷｶﾞｲｼﾔ ｺｶｼﾞｸﾞﾐ","（株）　小鍛冶組","北海道","札幌市中央区","南六条西","８丁目５番地","0648587","064  ","山鼻",0,0,5
01101,"ｶﾌﾞｼｷｶﾞｲｼﾔ ｻｸﾗﾊﾟ-ﾄﾅ-","株式会社　さくらパートナー","北海道","札幌市中央区","南一条西","２５丁目１番１７号","0648525","064  ","山鼻",0,0,5
01101,"ｶﾌﾞｼｷｶﾞｲｼﾔ ｼﾐｽﾞﾃﾞﾝｹﾝ","株式会社　シミズ電建","北海道","札幌市中央区","南九条西","７丁目１−３０","0648585","064  ","山鼻",0,0,5
01101,"ｶﾌﾞｼｷｶﾞｲｼﾔ ﾀｲﾀｽｽｷﾔﾂﾄ","株式会社　タイタススキャット","北海道","札幌市中央区","南四条西","１１丁目１２９２−４","0648642","064  ","山鼻",0,0,5
01101,"ｶﾌﾞｼｷｶﾞｲｼﾔ ﾀﾞｲｷﾖｳ ﾎﾂｶｲﾄﾞｳｼﾃﾝ","株式会社　大京　北海道支店","北海道","札幌市中央区","南八条西","４丁目４２２−５札幌第３大京ビル７階","0648584","064  ","山鼻",0,0,5
01101,"ｶﾌﾞｼｷｶﾞｲｼﾔ ﾃｲｺｸﾃﾞ-ﾀﾊﾞﾝｸ ｻﾂﾎﾟﾛｼﾃﾝ","株式会社　帝国データバンク　札幌支店","北海道","札幌市中央区","南五条西","１１丁目関東アカデミービル","0648601","064  ","山鼻",0,0,5
01101,"ｻﾂﾎﾟﾛｳｴｼﾏｺ-ﾋ- ｶﾌﾞｼｷｶﾞｲｼﾔ","サッポロウエシマコーヒー　株式会社","北海道","札幌市中央区","南七条西","１丁目２１番地１","0648532","064  ","山鼻",0,0,5
01101,"ｻﾞｲﾀﾞﾝﾎｳｼﾞﾝ ﾎﾂｶｲﾄﾞｳﾀｲｲｸｷﾖｳｶｲ","財団法人　北海道体育協会","北海道","札幌市中央区","中島公園","１番５号","0648501","064  ","山鼻",0,0,5
01101,"ﾀﾞｲﾆﾂﾎﾟﾝｲﾝｷｶｶﾞｸｺｳｷﾞﾖｳ (ｶﾌﾞ) ｻﾂﾎﾟﾛｼﾃﾝ","大日本インキ化学工業　（株）　札幌支店","北海道","札幌市中央区","宮の森四条","１丁目１番１号","0648544","064  ","山鼻",0,0,5
01102,"ｱｲｵｲｿﾝｶﾞｲﾎｹﾝ ｶﾌﾞｼｷｶﾞｲｼﾔ","あいおい損害保険　株式会社","北海道","札幌市北区","北七条西","５丁目３号札幌千代田ビル","0608553","060  ","札幌中央",0,0,5
01103,"ﾆﾂﾎﾟﾝﾊﾑ ｶﾌﾞｼｷｶﾞｲｼﾔ ﾎﾂｶｲﾄﾞｳﾊﾝﾊﾞｲﾌﾞ","日本ハム　株式会社　北海道販売部","北海道","札幌市東区","苗穂町","１４丁目２番４３号","0658686","065  ","札幌東",0,0,5
01104,"ｴﾇﾃｲﾃｲﾎﾂｶｲﾄﾞｳｼﾞﾖｳﾎｳｼｽﾃﾑｻ-ﾋﾞｽｾﾝﾀ-","ＮＴＴ北海道情報システムサービスセンター","北海道","札幌市白石区","本通","８丁目南１番３７号（札幌白石郵便局私書箱第１４号）","0038705","003  ","札幌白石",1,0,5
01104,"ﾎﾂｶｲﾄﾞｳｸﾞﾙﾒｶｲ","北海道グルメ会","北海道","札幌市白石区","平和通","１６丁目北２番３２号","0038570","003  ","札幌白石",0,0,5
01105,"ｻﾂﾎﾟﾛｼﾖｳｷﾞﾖｳｺｳﾄｳｶﾞﾂｺｳ","札幌商業高等学校","北海道","札幌市豊平区","旭町","４丁目１番４２号","0628603","062  ","豊平",0,0,5
01106,"ﾎﾂｶｲﾄﾞｳﾄｳｶｲﾀﾞｲｶﾞｸ ｻﾂﾎﾟﾛｺｳｼﾔ","北海道東海大学　札幌校舎","北海道","札幌市南区","南沢五条","１丁目１−１","0058601","005  ","札幌南",0,0,5
01108,"ﾌｼﾞﾂｳｻﾂﾎﾟﾛｼｽﾃﾑﾗﾎﾞﾗﾄﾘ","富士通札幌システムラボラトリ","北海道","札幌市厚別区","下野幌テクノパーク","１丁目１−５","0048550","004  ","厚別",0,0,5
01108,"ﾎﾂｶｲﾄﾞｳﾈﾝｷﾝｻｲﾃｲｾﾝﾀ-","北海道年金裁定センター","北海道","札幌市厚別区","厚別中央二条","６丁目４−３０新さっぽろ社会保険事務所３Ｆ","0048560","004  ","厚別",0,0,5
01108,"ﾏﾙｾﾞﾝﾗｶﾞｱ-ﾙ ｼﾝｻﾂﾎﾟﾛﾃﾞﾕｵﾃﾝ","丸善らがぁーる　新札幌ＤＵＯ店","北海道","札幌市厚別区","厚別中央二条","５丁目ＤＵＯ−１４Ｆ","0048515","004  ","厚別",0,0,5
01109,"ｶﾌﾞｼｷｶﾞｲｼﾔ ﾆﾄﾘ","（株）　ニトリ","北海道","札幌市手稲区","新発寒六条","１丁目","0068520","006  ","手稲",0,0,5
01109,"ｻﾂﾎﾟﾛｼﾔﾏｸﾞﾁｻｲｼﾞﾖｳ","札幌市山口斎場","北海道","札幌市手稲区","手稲山口","３０８番地","0068530","006  ","手稲",0,0,5
01110,"ﾎﾂｶｲﾄﾞｳｲｽｽﾞｼﾞﾄﾞｳｼﾔ ｶﾌﾞｼｷｶｲｼﾔ ｷﾖﾀｴｲｷﾞﾖｳｼﾖ","北海道いすゞ自動車　株式会社　清田営業所","北海道","札幌市清田区","清田二条","２丁目１６番１号","0048505","004  ","厚別",0,0,5
01202,"ｶﾌﾞｼｷｶﾞｲｼﾔ ｱｵﾓﾘｷﾞﾝｺｳ ﾊｺﾀﾞﾃｼﾃﾝ","（株）　青森銀行　函館支店","北海道","函館市","梁川町","５番８号（函館中央郵便局私書箱第３９号）","0408677","040  ","函館中央",1,0,5
01202,"ｶﾌﾞｼｷｶﾞｲｼﾔ ﾅｶﾞｻｷﾔ ﾊｺﾀﾞﾃﾃﾝ","（株）　長崎屋　函館店","北海道","函館市","美原","１丁目７番１号","0418533","041  ","函館北",0,0,5
01203,"ｵﾀﾙﾀﾝｷﾀﾞｲｶﾞｸ","小樽短期大学","北海道","小樽市","入船","４丁目９番１号","0478611","047  ","小樽",0,0,5
01203,"ｶﾌﾞｼｷｶﾞｲｼﾔ ﾏﾙｲｲﾏｲ ｵﾀﾙﾃﾝ","（株）　丸井今井　小樽店","北海道","小樽市","稲穂","１丁目４番１号","0478567","047  ","小樽",0,0,5
01204,"ｶﾌﾞｼｷｶﾞｲｼﾔ ｷﾀﾉｸﾞﾐ","株式会社　北野組","北海道","旭川市","宮下通","９丁目７６６番地キタノビル内（旭川中央郵便局私書箱第１５７号）","0708677","070  ","旭川中央",1,0,5
01204,"ｶﾌﾞｼｷｶﾞｲｼﾔ ﾏﾙｲｲﾏｲ ｱｻﾋｶﾜﾃﾝ","株式会社　丸井今井　旭川店","北海道","旭川市","一条通","８丁目左１号１７５番地（旭川中央郵便局私書箱第４５号）","0708655","07091","旭川中央",1,0,5
01204,"ﾐﾂｲｼﾖｸﾋﾝ ｶﾌﾞｼｷｶﾞｲｼﾔ ﾎﾂｶｲﾄﾞｳｼｼﾔ ｱｻﾋｶﾜｼﾃﾝ","三井食品　株式会社　北海道支社　旭川支店","北海道","旭川市","永山町","７丁目","0798510","079  ","永山",0,0,5
01205,"ｶﾌﾞｼｷｶﾞｲｼﾔﾏﾙｲｲﾏｲ ﾑﾛﾗﾝﾃﾝ","（株）丸井今井　室蘭店","北海道","室蘭市","中島町","１丁目２５番１号","0508555","050  ","東室蘭",0,0,5
01205,"ﾆﾂｾﾝﾚﾝ ﾑﾛﾗﾝ","日専連　室蘭","北海道","室蘭市","中央町","３丁目５番１５号（室蘭郵便局私書箱第３０号）","0518660","051  ","室蘭",1,0,5
01206,"ｽｷﾞﾉｼﾖｳｼﾞ ｶﾌﾞｼｷｶﾞｲｼﾔ ｸｼﾛﾃﾝ","杉野商事　株式会社　釧路店","北海道","釧路市","新富士町","６丁目２−２０","0848601","084  ","釧路西",0,0,5
01206,"ｶﾌﾞｼｷｶﾞｲｼﾔ ﾏﾙｲｲﾏｲ ｸｼﾛﾃﾝ","株式会社　丸井今井　釧路店","北海道","釧路市","北大通","５丁目１","0858577","085  ","釧路中央",0,0,5
01213,"ｶﾌﾞｼｷｶﾞｲｼﾔ ﾅｶﾞｻｷﾔ ﾄﾏｺﾏｲﾃﾝ","（株）　長崎屋　苫小牧店","北海道","苫小牧市","木場町","１丁目６番１号","0538512","053  ","苫小牧",0,0,5
01213,"ｶﾌﾞｼｷｶﾞｲｼﾔ ﾏﾙｲｲﾏｲ ﾄﾏｺﾏｲﾃﾝ","（株）　丸井今井　苫小牧店","北海道","苫小牧市","表町","５丁目１１番１号","0538585","053  ","苫小牧",0,0,5
01213,"ｾｲｶﾂｷﾖｳﾄﾞｳｸﾐｱｲ ｺ-ﾌﾟｻﾂﾎﾟﾛ ﾄﾏｺﾏｲﾁｸﾎﾝﾌﾞ","生活協同組合　コープさっぽろ　苫小牧地区本部","北海道","苫小牧市","日吉町","３丁目４−４","0538648","053  ","苫小牧",0,0,5
01219,"ｶﾌﾞｼｷｶﾞｲｼﾔ ｵﾎ-ﾂｸｶﾝｺｳﾌﾞﾂｻﾝ","株式会社　オホーツク観光物産","北海道","紋別市","港町","４丁目１−１２","0948604","094  ","紋別",0,0,5
01219,"ｶﾌﾞｼｷｶﾞｲｼﾔ ﾘﾕｳﾋﾖｳﾉﾌﾙｻﾄ","株式会社　流氷のふるさと","北海道","紋別市","港町","４丁目１−１２","0948603","094  ","紋別",0,0,5
01219,"ﾎﾂｶｲﾄﾞｳｼﾝﾖｳｷﾞﾖｷﾞﾖｳｷﾖｳﾄﾞｳｸﾐｱｲﾚﾝｺﾞｳｶｲ","北海道信用漁業協同組合連合会","北海道","紋別市","港町","６丁目２−１２","0948605","094  ","紋別",0,0,5
01219,"ﾎﾂｶｲﾄﾞｳﾓﾝﾍﾞﾂｷﾀｺｳﾄｳｶﾞﾂｺｳ","北海道紋別北高等学校","北海道","紋別市","落石町","１丁目３−１８","0948581","094  ","紋別",0,0,5
01219,"ﾕｳｹﾞﾝｶﾞｲｼﾔ ﾓﾝﾍﾞﾂﾘﾖｺｳ","有限会社　紋別旅行","北海道","紋別市","幸町","５丁目２４−１","0948552","094  ","紋別",0,0,5
01228,"ｶﾌﾞｼｷｶﾞｲｼﾔ ｺｸﾄﾞ ﾌｶｶﾞﾜｽｷ-ｼﾞﾖｳ","株式会社　コクド　深川スキー場","北海道","深川市","音江町","字音江","0741292","07412","深川",0,0,5
01233,"ｶﾌﾞｼｷｶﾞｲｼﾔ ﾀﾞﾃﾊｷ","（株）　ダテハキ","北海道","伊達市","弄月町","５９番地","0528550","052  ","伊達",0,0,5
01234,"ｶﾌﾞｼｷｶﾞｲｼﾔ ﾌﾟﾘﾝｽﾎﾃﾙ ｻﾂﾎﾟﾛｷﾀﾋﾛｼﾏﾌﾟﾘﾝｽﾎﾃﾙ","株式会社　プリンスホテル　札幌北広島プリンスホテル","北海道","北広島市","中の沢","４５０−１","0611193","06111","北広島",0,0,5
01427,"ﾎﾂｶｲﾄﾞｳﾕﾆｼﾖｳｷﾞﾖｳｺｳﾄｳｶﾞﾂｺｳ","北海道由仁商業高等学校","北海道","夕張郡由仁町","新光","５０","0691295","06912","由仁",0,0,5
01481,"ﾎﾂｶｲﾄﾞｳﾏｼｹｺｳﾄｳｶﾞﾂｺｳ","北海道増毛高等学校","北海道","増毛郡増毛町","南暑寒町","２丁目３８番地","0770297","07702","増毛",0,0,5
01662,"ｸｼﾛｶｲﾊﾂｹﾝｾﾂﾌﾞ ｱﾂｹｼﾄﾞｳﾛｲｼﾞｼﾞｷﾞﾖｳｼﾖ","釧路開発建設部　厚岸道路維持事業所","北海道","厚岸郡厚岸町","字宮園町","１９４番地−３","0881196","08811","厚岸",0,0,5
02201,"ﾓﾘｵｶﾀ-ﾐﾅﾙﾋﾞﾙ ｶﾌﾞｼｷｶﾞｲｼﾔ ﾗﾋﾞﾅﾃﾝ","盛岡ターミナルビル　株式会社　ラビナ店","青森県","青森市","柳川","１丁目２番３号","0388555","038  ","青森西",0,0,5
02209,"ﾂｶﾞﾙｼﾔｸｼﾖ ﾓﾘﾀｼｼﾖ","つがる市役所　森田支所","青森県","つがる市","森田町山田","山崎６１","0382892","03828","森田",0,0,5
02209,"ﾂｶﾞﾙｼﾔｸｼﾖ ｶｼﾜｼｼﾖ","つがる市役所　柏支所","青森県","つがる市","柏桑野木田","福井２０−４","0383196","03831","木造",0,0,5
03206,"ｷﾀｶﾐｼﾉｳｷﾞﾖｳｷﾖｳﾄﾞｳｸﾐｱｲ","北上市農業協同組合","岩手県","北上市","流通センター","１９番３３号","0248505","024  ","北上",0,0,5
03206,"ｷﾀｶﾐﾁﾎｳｼﾝｺｳｷﾖｸ","北上地方振興局","岩手県","北上市","芳町","２番８号","0248520","024  ","北上",0,0,5
04101,"ｻﾞｲﾀﾞﾝﾎｳｼﾞﾝ ﾕｳｾｲﾌｸｼﾄｳﾎｸﾁﾎｳﾎﾝﾌﾞ","財団法人　郵政福祉東北地方本部","宮城県","仙台市青葉区","五橋","２丁目４−２（仙台中央郵便局私書箱第２０号）","9808650","980  ","仙台中央",1,0,5
04101,"ｻﾞｲﾀﾞﾝﾎｳｼﾞﾝ ｼﾖｳﾎﾞｳｼｹﾝｹﾝｷﾕｳｾﾝﾀ-ﾐﾔｷﾞｹﾝｼﾌﾞ","財団法人　消防試験研究センター宮城県支部","宮城県","仙台市青葉区","堤通雨宮町","４−１７宮城県仙台合同庁舎５階","9818577","981  ","仙台北",0,0,5
04203,"ｼｵｶﾞﾏｼﾖｳｺｳｶｲｷﾞｼﾖ","塩釜商工会議所","宮城県","塩竈市","尾島町","１７−１８","9858504","985  ","塩釜",0,0,5
04203,"ﾆﾎﾝﾊｲｺﾞｳｼﾘﾖｳ ｶﾌﾞｼｷｶﾞｲｼﾔ ﾄｳﾎｸｼｼﾔ","日本配合飼料　株式会社　東北支社","宮城県","塩竈市","港町","１丁目８","9858520","985  ","塩釜",0,0,5
04203,"ﾏﾙﾌﾞﾝｼﾖｸﾋﾝ ｶﾌﾞｼｷｶﾞｲｼﾔ","マルブン食品　株式会社","宮城県","塩竈市","新浜町","３丁目２９−３","9858511","985  ","塩釜",0,0,5
04203,"ﾏﾙﾐﾔｽｲｻﾝ ｶﾞﾌﾞｼｷｶﾞｲｼﾔ","マルミヤ水産　株式会社","宮城県","塩竈市","港町","２丁目１３−３２","9858515","985  ","塩釜",0,0,5
04209,"ﾆﾎﾝﾌｲﾙﾀ-ｺｳｷﾞﾖｳ ｶﾌﾞｼｷｶﾞｲｼﾔ ﾀｶﾞｼﾞﾖｳｺｳｼﾞﾖｳ","日本フィルター工業　株式会社　多賀城工場","宮城県","多賀城市","宮内","１丁目４番２０号","9858543","985  ","塩釜",0,0,5
04209,"ﾋｶﾞｼﾆﾎﾝﾐﾂﾋﾞｼﾉｳｷﾊﾝﾊﾞｲ ｶﾌﾞｼｷｶﾞｲｼﾔ","東日本三菱農機販売　株式会社","宮城県","多賀城市","宮内","２丁目３−１","9858532","985  ","塩釜",0,0,5
04209,"ﾐﾔｷﾞｼﾖｸｷﾞﾖｳﾉｳﾘﾖｸｶｲﾊﾂｿｸｼﾝｾﾝﾀ-","宮城職業能力開発促進センター","宮城県","多賀城市","明月","２丁目２−１","9858550","985  ","塩釜",0,0,5
06204,"ｶﾌﾞｼｷｶﾞｲｼﾔ ｶﾝﾎﾟﾉｻﾄｻｶﾀ","株式会社　かんぽの郷酒田","山形県","酒田市","飯森山","３丁目１７番２６号","9988588","998  ","酒田",0,0,5
06204,"ｼﾘﾂｻｶﾀﾋﾞﾖｳｲﾝ","市立酒田病院","山形県","酒田市","千石町","２丁目３−２０","9988585","998  ","酒田",0,0,5
06204,"ﾆﾎﾝﾃﾞﾝｼﾝﾃﾞﾝﾜ ｶﾌﾞｼｷｶﾞｲｼﾔ ｻｶﾀｼﾃﾝ","日本電信電話　株式会社　酒田支店","山形県","酒田市","本町","３丁目１−２５","9988511","998  ","酒田",0,0,5
06204,"ﾔﾏｶﾞﾀｹﾝﾘﾂ ﾆﾎﾝｶｲﾋﾞﾖｳｲﾝ","山形県立　日本海病院","山形県","酒田市","あきほ町","３０","9988501","998  ","酒田",0,0,5
06204,"ｻｶﾀｼﾝﾖｳｷﾝｺ","酒田信用金庫","山形県","酒田市","本町","３丁目１１−３５（酒田郵便局私書箱第１６号）","9988601","99891","酒田",1,0,5
07203,"ｲﾂﾊﾟﾝｻﾞｲﾀﾞﾝﾎｳｼﾞﾝ ｵｵﾀｿｳｺﾞｳﾋﾞﾖｳｲﾝﾌｿﾞｸ ｵｵﾀﾆｼﾉｳﾁﾋﾞﾖｳｲﾝ","一般財団法人　太田綜合病院付属　太田西ノ内病院","福島県","郡山市","西ノ内","２丁目５番２０号","9638558","963  ","郡山",0,0,5
07203,"ｻﾞｲﾀﾞﾝﾎｳｼﾞﾝ ﾕｱｻﾎｳｵﾝｶｲ ｼﾞﾕｾﾝﾄﾞｳｿｳｺﾞｳﾋﾞﾖｳｲﾝ","財団法人　湯浅報恩会　寿泉堂綜合病院","福島県","郡山市","駅前","１丁目８−１６","9638585","963  ","郡山",0,0,5
07203,"ｻﾞｲﾀﾞﾝﾎｳｼﾞﾝ ｵｵﾀｿｳｺﾞｳﾋﾞﾖｳｲﾝﾌｿﾞｸ ｵｵﾀｱﾀﾐﾋﾞﾖｳｲﾝ","（財）　太田総合病院附属　太田熱海病院","福島県","郡山市","熱海町熱海","５丁目２４０","9631383","96313","郡山",0,0,5
07204,"ｱﾙﾌﾟｽﾃﾞﾝｷ ｶﾌﾞｼｷｶﾞｲｼﾔ ﾍﾟﾘﾌｴﾗﾙｼﾞｷﾞﾖｳﾌﾞ","アルプス電気　株式会社　ペリフェラル事業部","福島県","いわき市","小名浜野田","字柳町４１−２５（小名浜郵便局私書箱第９号）","9718615","97191","小名浜",1,0,5
08201,"ｲﾊﾞﾗｷﾞｹﾝ ｼﾞﾝｼﾞﾔﾁﾖｳ","茨城県　神社庁","茨城県","水戸市","三の丸","１丁目６−４","3108753","310  ","水戸中央",0,0,5
08201,"ｶﾌﾞｼｷｶﾞｲｼﾔ ｲﾊﾞﾗｷｷﾞﾝｺｳ","株式会社　茨城銀行","茨城県","水戸市","白梅","２丁目３−１２","3108577","310  ","水戸中央",0,0,5
08201,"ﾆﾎﾝｴ-･ｴﾑ･ﾋﾟ- ｶﾌﾞｼｷｶﾞｲｼﾔ ﾐﾄｴｲｷﾞﾖｳｼﾖ","日本エー・エム・ピー　株式会社　水戸営業所","茨城県","水戸市","泉町","１丁目２−４","3108533","310  ","水戸中央",0,0,5
08201,"ﾋﾞｸﾀ- ｱﾄﾞﾊﾞﾝｽﾄ ﾒﾃﾞｲｱ ｶﾌﾞｼｷｶﾞｲｼﾔ","ビクター　アドバンスト　メディア　（株）","茨城県","水戸市","元吉田町","１０３０","3108528","310  ","水戸中央",0,0,5
08201,"ﾕ-ｴﾌｼﾞｴ-ﾆｺｽ ｶﾌﾞｼｷｶﾞｲｼﾔ","ＵＦＪニコス　株式会社","茨城県","水戸市","泉町","３丁目１−２８","3108522","310  ","水戸中央",0,0,5
08201,"ｲﾊﾞﾗｷｷﾞﾝｺｳ ﾎﾝﾃﾝ","茨城銀行　本店","茨城県","水戸市","南町","１丁目３−１（水戸中央郵便局私書箱第１０号）","3108611","31091","水戸中央",1,0,5
08201,"ｲﾊﾞﾗｷｹﾝｷﾖｳｻｲﾉｳｷﾞﾖｳｷﾖｳﾄﾞｳｸﾐｱｲﾚﾝｺﾞｳｶｲ","茨城県共済農業協同組合連合会","茨城県","水戸市","梅香","１丁目５−１８（水戸中央郵便局私書箱第６８号）","3108668","31091","水戸中央",1,0,5
08201,"ｼﾖｳｺｳｸﾐｱｲ ﾁﾕｳｵｳｷﾝｺ ﾐﾄｼﾃﾝ","商工組合　中央金庫　水戸支店","茨城県","水戸市","南町","３丁目５−７（水戸中央郵便局私書箱第６９号）","3108677","31091","水戸中央",1,0,5
08201,"ﾐﾄｼﾔｸｼﾖ","水戸市役所","茨城県","水戸市","中央","１丁目４−１（水戸中央郵便局私書箱第３０号）","3108610","31091","水戸中央",1,0,5
08201,"ﾖﾐｳﾘｼﾝﾌﾞﾝ ﾐﾄｼｷﾖｸ","読売新聞　水戸支局","茨城県","水戸市","北見町","５−７（水戸中央郵便局私書箱第７１号）","3108671","31091","水戸中央",1,0,5
08212,"ﾋﾀﾁｶｾﾝｺｸﾄﾞｳｼﾞﾑｼﾖ","常陸河川国道事務所","茨城県","常陸太田市","木崎一町","７００−１","3138555","313  ","常陸太田",0,0,5
08212,"ﾑﾄｳｹﾝｾﾂ ｶﾌﾞｼｷｶﾞｲｼﾔ","武藤建設　株式会社","茨城県","常陸太田市","西三町","２１２３−１","3138585","313  ","常陸太田",0,0,5
08221,"ﾋﾀﾁｷﾖｳﾜｴﾝｼﾞﾆｱﾘﾝｸﾞ ｶﾌﾞｼｷｶﾞｲｼﾔ","日立協和エンジニアリング　株式会社","茨城県","ひたちなか市","大字堀口","８３２−２","3128507","312  ","ひたちなか",0,0,5
08310,"ｲﾊﾞﾗｷｹﾝﾘﾂｼﾞﾖｳﾎｸｺｳﾄｳｶﾞﾂｺｳ","茨城県立常北高等学校","茨城県","東茨城郡城里町","大字春園","１６３４","3114392","31143","石塚",0,0,5
09208,"ｺﾏﾂ ﾕ-ﾃｲﾘﾃｲｷﾞｼﾞﾕﾂﾎﾝﾌﾞ","コマツ　ユーティリティ技術本部","栃木県","小山市","横倉新田","１１０","3238567","323  ","小山",0,0,5
11203,"ﾏｲｸﾛｿﾌﾄ","マイクロソフト","埼玉県","川口市","本町","４丁目１−８","3328510","332  ","川口",0,0,5
12210,"ﾐﾂｲﾄｳｱﾂｶｶﾞｸ ｶﾌﾞｼｷｶﾞｲｼﾔ ﾁﾊﾞｺｳｷﾞﾖｳｼﾖ","三井東圧化学　株式会社　千葉工業所","千葉県","茂原市","東郷","１９００（茂原郵便局私書箱第６号）","2978666","297  ","茂原",1,0,5
12212,"ﾎｸｿｳｹﾝﾐﾝｾﾝﾀ-","北総県民センター","千葉県","佐倉市","鏑木仲田町","８番１","2858503","285  ","佐倉",0,0,5
13102,"ﾏﾙｾﾞﾝｾｷﾕｶｶﾞｸ ｶﾌﾞｼｷｶﾞｲｼﾔ","丸善石油化学　株式会社","東京都","中央区","八丁堀","２丁目２５番１０号三信八丁堀ビル","1048502","104  ","晴海",0,0,5
13103,"ｶﾌﾞｼｷｶﾞｲｼﾔ ｼﾞｴｲｱｲﾋﾟ-ｴﾑｿﾘﾕ-ｼﾖﾝ","株式会社　ＪＩＰＭソリューション","東京都","港区","三田","３−１０−１ア−バンネット三田ビル８Ｆ","1088571","108  ","高輪",0,0,5
13107,"ﾄ-ﾄ-ﾒﾝﾃﾅﾝｽ ｶﾌﾞｼｷｶﾞｲｼﾔ","ＴＯＴＯメンテナンス　株式会社","東京都","墨田区","向島","３丁目４４−１","1318506","131  ","向島",0,0,5
13108,"ﾀｷｼﾖｳｼﾞ ｶﾌﾞｼｷｶﾞｲｼﾔ","滝商事　株式会社","東京都","江東区","常盤","１丁目４−２","1358555","135  ","深川",0,0,5
13116,"ｶﾌﾞｼｷｶﾞｲｼﾔ ｹﾞｲﾌﾞﾝｼﾔ","株式会社　芸文社","東京都","豊島区","東池袋","３丁目７−９","1708427","170  ","豊島",0,0,5
13202,"ｵﾘｵﾝｼﾖﾎﾞｳ","オリオン書房","東京都","立川市","柴崎町","３丁目１１−２１","1908521","190  ","立川",0,0,5
15103,"ﾃｲｺｸｾｷﾕ ﾆｲｶﾞﾀｺｳｷﾞﾖｳｼﾖ","帝国石油　新潟鉱業所","新潟県","新潟市中央区","東大通","１丁目３−１","9508512","950  ","新潟中央",0,0,5
15107,"ｶﾌﾞｼｷｶﾞｲｼﾔ ﾕﾀｶ","株式会社　ユタカ","新潟県","新潟市西区","北場","１０８７−９","9501184","95011","大野町",0,0,5
15107,"ﾆｲｶﾞﾀﾔﾂｶﾀﾞｲｶﾞｸ","新潟薬科大学","新潟県","新潟市西区","上新栄町","５丁目１３−２","9502081","95021","新潟西",0,0,5
15204,"ｶﾌﾞｼｷｶﾞｲｼﾔ ｻｶｲｼﾖｳｶｲ","株式会社　坂井商会","新潟県","三条市","荒町","２丁目１２−１１（三条郵便局私書箱第４６号）","9558611","955  ","三条",1,0,5
15204,"ｶﾌﾞｼｷｶﾞｲｼﾔ ｻﾄｳｻﾝｷﾞﾖｳ","株式会社　佐藤産業","新潟県","三条市","東裏館","２丁目２１−３６（三条郵便局私書箱第６５号）","9558654","955  ","三条",1,0,5
15204,"ｶﾌﾞｼｷｶﾞｲｼﾔ ｽﾉ-ﾋﾟ-ｸ","株式会社　スノーピーク","新潟県","三条市","","三貫地９５８−１（三条郵便局私書箱第１６０号）","9558616","955  ","三条",1,0,5
16207,"ｶﾌﾞｼｷｶﾞｲｼﾔ ﾄﾖﾂｸｽ","株式会社　トヨックス","富山県","黒部市","前沢","９１０","9388585","938  ","黒部",0,0,5
17201,"ﾆﾎﾝｶｻｲｶｲｼﾞﾖｳﾎｹﾝ ｶﾌﾞｼｷｶﾞｲｼﾔ","日本火災海上保険　株式会社","石川県","金沢市","片町","２丁目２−１５","9208578","920  ","金沢中央",0,0,5
20202,"ｼﾝｼﾕｳｼﾞﾔｽｺ ｶﾌﾞｼｷｶﾞｲｼﾔ","信州ジャスコ　株式会社","長野県","松本市","高宮北","４−１０","3908528","390  ","松本",0,0,5
20202,"ﾅｶﾞﾉﾆﾕ-ﾎ-ﾑ","長野ニューホーム","長野県","松本市","大字島立","８０１","3908513","390  ","松本",0,0,5
20214,"ｶﾝﾄｳﾃﾞｷﾀﾉｶｲ","関東でき太の会","長野県","茅野市","宮川","６６３０−５","3918507","391  ","茅野",0,0,5
20214,"ｼﾞｴｲｴ- ｼﾝｼﾕｳｽﾜ","ＪＡ　信州諏訪","長野県","茅野市","仲町","２４−４","3918522","391  ","茅野",0,0,5
20432,"ﾅｶﾞﾉｹﾝﾘﾂ ｷｿｺｳﾄｳｶﾞﾂｺｳ","長野県立　木曽高等学校","長野県","木曽郡木曽町","福島","１８２７−２","3978571","397  ","木曽福島",0,0,5
20432,"ﾅｶﾞﾉｹﾝﾘﾂ ｷｿｻﾝﾘﾝｺｳﾄｳｶﾞﾂｺｳ","長野県立　木曽山林高等学校","長野県","木曽郡木曽町","新開","４２３６","3978567","397  ","木曽福島",0,0,5
21201,"ﾜｲｹｲｹｲﾌｱｽﾆﾝｸﾞﾌﾟﾛﾀﾞｸﾂﾊﾝﾊﾞｲ ｶﾌﾞｼｷｶﾞｲｼﾔ","ＹＫＫファスニングプロダクツ販売　株式会社","岐阜県","岐阜市","柳森町","２丁目４８番地１号","5008651","500  ","岐阜中央",0,0,5
21209,"ｲﾜﾅｶｹｵﾘ ｶﾌﾞｼｷｶﾞｲｼﾔ","岩仲毛織　株式会社","岐阜県","羽島市","竹鼻町狐穴","３０１８（羽島郵便局私書箱第１１号）","5016296","50162","羽島",1,0,5
21211,"ｿﾆ-ｲ-ｴﾑｼ-ｴｽ ｶﾌﾞｼｷｶﾞｲｼﾔ ﾄｳｶｲﾃﾂｸﾐﾉｶﾓｻｲﾄ","ソニーイーエムシーエス　株式会社　東海テック美濃加茂サイト","岐阜県","美濃加茂市","本郷町","９−１５−２２","5058510","505  ","美濃加茂",0,0,5
21212,"ﾄｷｼﾔｸｼﾖ","土岐市役所","岐阜県","土岐市","土岐津町土岐口","２１０１（土岐郵便局私書箱第１０号）","5095192","50951","土岐",1,0,5
21220,"ｷﾞﾌｹﾝﾘﾂ ﾏｼﾀｾｲﾌｳｺｳﾄｳｶﾞﾂｺｳ","岐阜県立　益田清風高等学校","岐阜県","下呂市","萩原町萩原","３２６−１（萩原郵便局私書箱第１０号）","5092593","50925","萩原",1,0,5
22101,"ｲﾅﾊﾞｼﾖｳﾃﾝ","稲葉商店","静岡県","静岡市葵区","御幸町","１１−６（静岡中央郵便局私書箱第９号）","4208709","420  ","静岡中央",1,0,5
22101,"ｵｳｼﾞﾄｸｼﾕｼ ｶﾌﾞｼｷｶﾞｲｼﾔ ｼｽﾞｵｶｺｳｼﾞﾖｳ","王子特殊紙　株式会社　静岡工場","静岡県","静岡市葵区","柳町","１６−１","4208663","420  ","静岡中央",0,0,5
22101,"ｶﾌﾞｼｷｶﾞｲｼﾔ ｼｽﾞｵｶﾘﾋﾞﾝｸﾞｼﾝﾌﾞﾝｼﾔ","株式会社　静岡リビング新聞社","静岡県","静岡市葵区","御幸町","５番９号","4208503","420  ","静岡中央",0,0,5
22101,"ｶﾌﾞｼｷｶﾞｲｼﾔ ｾｲﾌﾞﾋﾔﾂｶﾃﾝ ｼｽﾞｵｶﾃﾝ","株式会社　西武百貨店　静岡店","静岡県","静岡市葵区","紺屋町","６−７","4208555","420  ","静岡中央",0,0,5
22101,"ｶﾌﾞｼｷｶﾞｲｼﾔ ﾁﾕｳﾌﾞｷﾞﾝｺｳ","株式会社　中部銀行","静岡県","静岡市葵区","追手町","３−１１","4208702","420  ","静岡中央",0,0,5
22101,"ｼｽﾞｵｶｺｳｶｾﾝﾓﾝｶﾞﾂｺｳ","静岡工科専門学校","静岡県","静岡市葵区","宮前町","５２−１","4208507","420  ","静岡中央",0,0,5
22101,"ｼｽﾞｵｶﾃﾂﾄﾞｳ ｶﾌﾞｼｷｶﾞｲｼﾔ","静岡鉄道　株式会社","静岡県","静岡市葵区","鷹匠","１丁目１４−５","4208510","420  ","静岡中央",0,0,5
22131,"ﾌｼﾞﾊｳｽ ｶﾌﾞｼｷｶﾞｲｼﾔ","富士ハウス　株式会社","静岡県","浜松市中区","砂山町","３５０","4308567","430  ","浜松",0,0,5
22131,"ﾊﾏﾏﾂﾆｼｼﾔｶｲﾎｹﾝｼﾞﾑｼﾖ","浜松西社会保険事務所","静岡県","浜松市中区","高町","３０２−１（浜松西郵便局私書箱第２６号）","4328626","432  ","浜松西",1,0,5
22133,"ｶﾌﾞｼｷｶﾞｲｼﾔ ﾂﾁﾔｹﾝｾﾂ","株式会社　土屋建設","静岡県","浜松市西区","入野町","１０３","4328520","432  ","浜松西",0,0,5
22208,"ｲｽﾞｼﾝﾖｳｷﾝｺ ｼﾞﾑﾌﾞ","伊豆信用金庫　事務部","静岡県","伊東市","宇佐美","１８６１−１（伊東郵便局私書箱第１号）","4148602","414  ","伊東",1,0,5
22208,"ｲｽﾞｼﾝﾖｳｷﾝｺ ﾎﾝﾃﾝ ﾎﾝﾌﾞ","伊豆信用金庫　本店　本部","静岡県","伊東市","東松原町","１１−１（伊東郵便局私書箱第１８号）","4148601","414  ","伊東",1,0,5
22209,"ｼﾏﾀﾞﾘｶｺｳｷﾞﾖｳ ｶﾌﾞｼｷｶﾞｲｼﾔ ｼﾏﾀﾞｾｲｻｸｼﾖ","島田理化工業　株式会社　島田製作所","静岡県","島田市","阿知ケ谷","２５","4278525","427  ","島田",0,0,5
22211,"ｲﾜﾀ ｾﾞｲﾑｼﾖ","磐田　税務署","静岡県","磐田市","中泉","１１２−４（磐田郵便局私書箱第１６号）","4388711","438  ","磐田",1,0,5
22211,"ｲﾜﾀﾐﾅﾐｺｳﾄｳｶﾞﾂｺｳ","磐田南高等学校","静岡県","磐田市","見付","３０８４（磐田郵便局私書箱第４１号）","4388686","438  ","磐田",1,0,5
22214,"ﾐﾂｲﾉｳﾘﾝ ｶﾌﾞｼｷｶﾞｲｼﾔ ﾌｼﾞｴﾀﾞｺｳｼﾞﾖｳ","三井農林　株式会社　藤枝工場","静岡県","藤枝市","茶町","２丁目１−５０","4268567","426  ","藤枝",0,0,5
22215,"ﾄｳｼﾊﾞｲ-ｴﾑｱｲ ｶﾌﾞｼｷｶﾞｲｼﾔ ｺﾞﾃﾝﾊﾞｺｳｼﾞﾖｳ","東芝イーエムアイ　株式会社　御殿場工場","静岡県","御殿場市","保土沢","９８５","4128505","412  ","御殿場",0,0,5
22222,"ｹｲｵｳｷﾞｼﾞﾕｸﾀﾞｲｶﾞｸ ﾂｷｶﾞｾﾘﾊﾋﾞﾘﾃ-ｼﾖﾝｾﾝﾀ-","慶應義塾大学　月ケ瀬リハビリテーションセンター","静岡県","伊豆市","月ケ瀬","３８０−２","4103293","41032","湯ケ島",0,0,5
23104,"ｻﾝﾖｳﾃﾞﾝｷｸﾚｼﾞﾂﾄ ｶﾌﾞｼｷｶﾞｲｼﾔ","三洋電機クレジット　株式会社","愛知県","名古屋市西区","牛島町","２−５ＴＯＭＩＴＡビル８階","4518585","451  ","名古屋中央",0,0,5
23104,"ﾆﾂｾｲﾄﾞｳﾜｿﾝｶﾞｲﾎｹﾝ ｶﾌﾞｼｷｶﾞｲｼﾔ","ニッセイ同和損害保険　株式会社","愛知県","名古屋市西区","名駅","２丁目２２−９","4518650","451  ","名古屋中央",0,0,5
23104,"ﾋﾕ-ﾏﾝﾗｲﾌ ｶﾌﾞｼｷｶﾞｲｼﾔ","ヒューマンライフ　株式会社","愛知県","名古屋市西区","香呑町","６丁目６０−１","4518541","451  ","名古屋中央",0,0,5
23104,"ﾒｲﾄｳｻﾝｷﾞﾖｳ","名糖産業","愛知県","名古屋市西区","笹塚町","２丁目４１番地","4518520","451  ","名古屋中央",0,0,5
23104,"ｲｵﾝ ｶﾌﾞｼｷｶﾞｲｼﾔ ｼﾞﾔｽｺ ﾜﾝﾀﾞ-ｼﾃｲﾃﾝ","イオン　株式会社　ジャスコワンダーシティ店","愛知県","名古屋市西区","二方町","４０番地","4528544","452  ","名古屋中央",0,0,5
23104,"ﾄｳｶｲｷｷｺｳｷﾞﾖｳ (ｶﾌﾞ)","東海機器工業　（株）","愛知県","名古屋市西区","中小田井","２丁目３００番地","4528603","452  ","名古屋中央",0,0,5
23105,"ｱｽﾞｻｶﾝｻﾎｳｼﾞﾝ","あずさ監査法人","愛知県","名古屋市中村区","名駅","３丁目２８番１２号大名古屋ビル","4508565","450  ","名古屋中央",0,0,5
23105,"ｶﾌﾞｼｷｶﾞｲｼﾔ ｱﾙﾍﾟﾝ","株式会社　アルペン","愛知県","名古屋市中村区","名駅","５丁目２５−１愛三ビル","4508580","450  ","名古屋中央",0,0,5
23105,"ｶﾌﾞｼｷｶﾞｲｼﾔ ﾏﾂｻﾞｶﾔ ﾅｺﾞﾔｴｷﾃﾝ","株式会社　松坂屋　名古屋駅店","愛知県","名古屋市中村区","名駅","１丁目１番２号","4508502","450  ","名古屋中央",0,0,5
23105,"ｷﾝｷﾆﾎﾝﾂ-ﾘｽﾄ ｶﾌﾞｼｷｶﾞｲｼﾔ ﾁﾕｳﾌﾞｴｲｷﾞﾖｳﾎﾝﾌﾞ","近畿日本ツーリスト　株式会社　中部営業本部","愛知県","名古屋市中村区","名駅","２丁目４５−１９桑山ビル６階","4508510","450  ","名古屋中央",0,0,5
23105,"ﾌｼﾞﾌｲﾙﾑﾛｼﾞｽﾃｲﾂｸ ｶﾌﾞｼｷｶﾞｲｼﾔ","富士フイルムロジスティック　株式会社","愛知県","名古屋市中村区","名駅","３丁目２１−７名古屋三交ビル１０Ｆ","4508538","450  ","名古屋中央",0,0,5
23105,"ﾐﾂﾋﾞｼｶｶﾞｸ ｶﾌﾞｼｷｶﾞｲｼﾔ ﾁﾕｳﾌﾞｼｼﾔ","三菱化学　株式会社　中部支社","愛知県","名古屋市中村区","名駅","３丁目２８−１２","4508532","450  ","名古屋中央",0,0,5
23105,"ﾐﾂﾋﾞｼﾕ-ｴﾌｼﾞｴｲｼﾝﾀｸｷﾞﾝｺｳ ｶﾌﾞｼｷｶﾞｲｼﾔ ﾅｺﾞﾔﾁﾕｳｵｳｼﾃﾝ ﾅｺﾞﾔｴｷﾏｴｼﾕﾂﾁﾖｳｼﾞﾖ","三菱ＵＦＪ信託銀行　株式会社　名古屋中央支店　名古屋駅前出張所","愛知県","名古屋市中村区","名駅","３丁目２８番１２号（名古屋中央郵便局私書箱第２７８号）","4508650","450  ","名古屋中央",1,0,5
23105,"ﾒｲﾜｻﾝｷﾞﾖｳ ｶﾌﾞｼｷｶﾞｲｼﾔ ﾅｺﾞﾔｼﾃﾝ","明和産業　株式会社　名古屋支店","愛知県","名古屋市中村区","名駅","３丁目２８−１２","4508540","450  ","名古屋中央",0,0,5
23106,"ｶﾌﾞｼｷｶﾞｲｼﾔ ｾﾝﾄﾗﾙﾌｱｲﾅﾝｽ ﾎﾝﾃﾝｴｲｷﾞﾖｳﾌﾞ","株式会社　セントラルファイナンス　本店営業部","愛知県","名古屋市中区","栄","３丁目１−１","4608436","460  ","名古屋中",0,0,5
23106,"ｶﾌﾞｼｷｶﾞｲｼﾔ ﾄｳｶｲｷﾞﾝｺｳ ﾎﾝﾃﾝ","株式会社　東海銀行　本店","愛知県","名古屋市中区","錦","３丁目２１−２４（名古屋中郵便局私書箱第１６０号）","4608660","46091","名古屋中",1,0,5
23108,"ﾒｲｼﾞﾆﾕｳｷﾞﾖｳ ｶﾌﾞｼｷｶﾞｲｼﾔ ﾄｳｶｲｼｼﾔ","明治乳業　株式会社　東海支社","愛知県","名古屋市瑞穂区","内方町","２丁目２５","4678630","467  ","瑞穂",0,0,5
23109,"ﾐﾅﾄｲﾘﾖｳｾｲｶﾂ ｷﾖｳﾄﾞｳｸﾐｱｲ ｷﾖｳﾘﾂｿｳｺﾞｳﾋﾞﾖｳｲﾝ","みなと医療生活　協同組合　協立総合病院","愛知県","名古屋市熱田区","六番","３丁目１８−５","4568611","456  ","熱田",0,0,5
23111,"ｶﾌﾞｼｷｶﾞｲｼﾔ ｴｲﾃﾞﾝ","株式会社　エイデン","愛知県","名古屋市港区","遠若町","２丁目８０番地の１","4558501","455  ","名古屋港",0,0,5
23111,"ｼﾞﾔｽｺ ｶﾌﾞｼｷｶﾞｲｼﾔ ﾅﾝﾖｳﾃﾝ","ジャスコ　株式会社　南陽店","愛知県","名古屋市港区","春田野","１丁目３３０","4558620","455  ","名古屋港",0,0,5
23112,"ｶﾌﾞｼｷｶﾞｲｼﾔ ﾊﾞﾂﾌｱﾛ-ﾃｸﾆｶﾙｻ-ﾋﾞｽｾﾝﾀ-","株式会社　バッファローテクニカルサービスセンター","愛知県","名古屋市南区","豊田","３丁目３−５","4578570","457  ","名古屋南",0,0,5
23112,"ｶﾌﾞｼｷｶﾞｲｼﾔ ﾊﾞﾂﾌｱﾛ-ﾊｲﾃｸｾﾝﾀ-","株式会社　バッファローハイテクセンター","愛知県","名古屋市南区","柴田本通","４丁目１５","4578520","457  ","名古屋南",0,0,5
23112,"ﾆﾂｼﾝﾎﾞｳｾｷ ｶﾌﾞｼｷｶﾞｲｼﾔ ﾅｺﾞﾔｺｳｼﾞﾖｳ","日清紡績　株式会社　名古屋工場","愛知県","名古屋市南区","豊田","５丁目１４−２５","4578505","457  ","名古屋南",0,0,5
23116,"ｶﾌﾞｼｷｶﾞｲｼﾔ ｾﾝﾄﾗﾙﾌｱｲﾅﾝｽ ｶ-ﾄﾞｷﾞﾖｳﾑｾﾝﾀ-","株式会社　セントラルファイナンス　カード業務センター","愛知県","名古屋市天白区","平針","２丁目３０３番地","4688506","468  ","天白",0,0,5
23116,"ｶﾌﾞｼｷｶﾞｲｼﾔ ｾﾝﾄﾗﾙﾌｱｲﾅﾝｽ ﾅｺﾞﾔｼﾞﾑｾﾝﾀ-","株式会社　セントラルファイナンス　ナゴヤジムセンター","愛知県","名古屋市天白区","平針","２丁目３０３","4688501","468  ","天白",0,0,5
23201,"ｶﾌﾞｼｷｶﾞｲｼﾔ ﾄﾖﾊｼﾏﾙｴｲ","株式会社　豊橋丸栄","愛知県","豊橋市","駅前大通","２丁目１０（豊橋郵便局私書箱第７１号）","4408602","44091","豊橋",1,0,5
23201,"ﾐﾂﾋﾞｼﾚｲﾖﾝ ｶﾌﾞｼｷｶﾞｲｼﾔ ﾄﾖﾊｼｼﾞｷﾞﾖｳｼﾖ","三菱レイヨン　株式会社　豊橋事業所","愛知県","豊橋市","牛川通","４丁目１−２（豊橋郵便局私書箱第９７号）","4408601","44091","豊橋",1,0,5
23203,"ｶﾌﾞｼｷｶﾞｲｼﾔ ｻﾝｱｲｺｳｷ","株式会社　三愛鋼機","愛知県","一宮市","富士","２丁目１−１８","4918572","491  ","一宮",0,0,5
23203,"ｽｷﾞﾋﾃﾞｼﾖｳｼﾞ ｶﾌﾞｼｷｶﾞｲｼﾔ","杉秀商事　株式会社","愛知県","一宮市","丹陽町五日市場","字定福寺８６−１","4918523","491  ","一宮",0,0,5
23203,"ｲｽﾞﾐｶｾｲ ｶﾌﾞｼｷｶﾞｲｼﾔ","和泉化成　株式会社","愛知県","一宮市","萩原町高木","字５０歩１−４１０１","4910395","49103","萩原",0,0,5
23206,"ｲﾀﾞﾘﾎ-ﾑｽﾞ. ｶﾌﾞｼｷｶﾞｲｼﾔ","イダリホームズ、　株式会社","愛知県","春日井市","春日井上ノ町","字割畑１０６番地１","4868551","486  ","春日井",0,0,5
23211,"ｱﾗｺ ｶﾌﾞｼｷｶﾞｲｼﾔ","アラコ　株式会社","愛知県","豊田市","吉原町","上藤池２５","4738512","473  ","豊田高岡",0,0,5
23211,"ﾆﾎﾝｴ-ｴﾑﾋﾟ- ｶﾌﾞｼｷｶﾞｲｼﾔ","日本エーエムピー　株式会社","愛知県","豊田市","御幸本町","１丁目１７９豊田東京海上ビル","4738533","473  ","豊田高岡",0,0,5
23217,"ｵ-ｸﾏ ｶﾌﾞｼｷｶｲｼﾔ ｺｳﾅﾝｺｳｼﾞﾖｳ","オークマ　株式会社　江南工場","愛知県","江南市","前野町東","１番地","4838503","483  ","江南",0,0,5
23217,"ｺｳﾅﾝｼﾔｸｼﾖ","江南市役所","愛知県","江南市","赤童子町大堀","９０（江南郵便局私書箱第４号）","4838701","483  ","江南",1,0,5
23221,"ｼﾝｼﾛｼﾔｸｼﾖ","新城市役所","愛知県","新城市","字東入船","６−１（新城郵便局私書箱第４号）","4411392","44113","新城",1,0,5
23226,"ｵﾜﾘｱｻﾋｼﾔｸｼﾖ","尾張旭市役所","愛知県","尾張旭市","東大道町原田","２６００−１（尾張旭郵便局私書箱第４号）","4888666","488  ","尾張旭",1,0,5
23226,"ｶﾌﾞｼｷｶﾞｲｼﾔ ｱｲﾄ-","株式会社　アイトー","愛知県","尾張旭市","狩宿新町","１丁目１番地１（尾張旭郵便局私書箱第７号）","4888686","488  ","尾張旭",1,0,5
23226,"ｶﾌﾞｼｷｶﾞｲｼﾔ ﾄｷﾜ ｾｲｼｼﾞｷﾞﾖｳﾎﾝﾌﾞ","株式会社　トキワ　製紙事業本部","愛知県","尾張旭市","晴丘町東","８２","4888505","488  ","尾張旭",0,0,5
23233,"ﾅｺﾞﾔﾏﾂｼﾀﾃﾞﾝｺｳ ｶﾌﾞｼｷｶﾞｲｼﾔ","名古屋松下電工　株式会社","愛知県","清須市","一場","２０７番地","4528521","452  ","名古屋中央",0,0,5
23236,"ｱｲﾁﾀﾞｲｶﾞｸ","愛知大学","愛知県","みよし市","黒笹町","清水３７０","4700296","47002","三好",0,0,5
23562,"ｱｲﾁｹﾝﾘﾂ ｼﾝｼﾛﾋｶﾞｼｺｳﾄｳｶﾞﾂｺｳ ﾎﾝｺﾞｳｺｳｼﾔ","愛知県立　新城東高等学校　本郷校舎","愛知県","北設楽郡東栄町","大字本郷","字上桜平２８","4490294","44902","東栄",0,0,5
24205,"ｶﾌﾞｼｷｶﾞｲｼﾔ ﾔﾏﾓﾄ ﾎﾝﾃﾝ","株式会社　山本　本店","三重県","桑名市","中央町","３丁目２３（桑名郵便局私書箱第３号）","5118686","511  ","桑名",1,0,5
24205,"ｸﾜﾅｼﾔｸｼﾖ","桑名市役所","三重県","桑名市","中央町","２丁目３７（桑名郵便局私書箱第４０号）","5118601","511  ","桑名",1,0,5
24208,"ｺｳｶﾞｸｶﾝﾀﾞｲｶﾞｸ ｼﾔｶｲﾌｸｼｶﾞｸﾌﾞ","皇學館大学　社会福祉学部","三重県","名張市","春日丘７番町","１番地","5180498","51804","名張",0,0,5
24341,"ｺﾓﾉﾁﾖｳﾔｸﾊﾞ","菰野町役場","三重県","三重郡菰野町","大字菰野","１４１８","5101292","51012","四日市西",0,0,5
25213,"ﾐﾂﾀﾞｺｳｷﾞﾖｳ (ｶﾌﾞ)","満田工業　（株）","滋賀県","東近江市","東沖野","３丁目８−１７","5278550","527  ","八日市",0,0,5
27106,"ｸﾗﾌﾞﾂ-ﾘｽﾞﾑ ｶﾌﾞｼｷｶﾞｲｼﾔ","クラブツーリズム　株式会社","大阪府","大阪市西区","江戸堀","１丁目９−１肥後橋センタービル１１Ｆ","5508522","550  ","大阪西",0,0,5
27128,"ｶﾌﾞｼｷｶﾞｲｼﾔ ｿｳﾂｳ","株式会社　総通","大阪府","大阪市中央区","内久宝寺町","２丁目２−１","5408581","54081","大阪東",0,0,5
31202,"ｶﾌﾞｼｷｶﾞｲｼﾔﾖﾅｺﾞｴｷﾏｴｻﾃｲ","株式会社　米子駅前サティ","鳥取県","米子市","末広町","５８","6838501","683  ","米子",0,0,5
31202,"ｷﾖｳﾄﾞｳｸﾐｱｲ ﾏﾙｺﾞｳ","協同組合　丸合","鳥取県","米子市","東福原","６丁目１２−４０","6838505","683  ","米子",0,0,5
31202,"ﾆｼﾆﾂﾎﾟﾝｼﾝﾊﾟﾝ ｶﾌﾞｼｷｶﾞｲｼﾔ","西日本信販　株式会社","鳥取県","米子市","明治町","１２５","6838515","683  ","米子",0,0,5
32202,"ｺｸﾘﾂﾊﾏﾀﾞﾋﾞﾖｳｲﾝﾌｿﾞｸｶﾝｺﾞｶﾞﾂｺｳ","国立浜田病院附属看護学校","島根県","浜田市","黒川町","３７４８","6978512","697  ","浜田",0,0,5
32202,"ﾊﾏﾀﾞｲﾘﾖｳｾﾝﾀ-","浜田医療センター","島根県","浜田市","黒川町","３７４８","6978511","697  ","浜田",0,0,5
32203,"ｶﾌﾞｼｷｶﾞｲｼﾔ ｿﾉ","株式会社　ソノ","島根県","出雲市","東福町","１９８４−２（平田郵便局私書箱第１号）","6918602","691  ","平田",1,0,5
32203,"ｲｽﾞﾓ ｾﾞｲﾑｼﾖ","出雲　税務署","島根県","出雲市","塩冶善行町","１４−１（出雲郵便局私書箱第２１号）","6938686","693  ","出雲",1,0,5
32203,"ｲｽﾞﾓｼﾝﾖｳｸﾐｱｲ","出雲信用組合","島根県","出雲市","今市町","２５２−１（出雲郵便局私書箱第８号）","6938614","693  ","出雲",1,0,5
32203,"ﾋｶﾜﾁﾖｳﾔｸﾊﾞ","斐川町役場","島根県","出雲市","斐川町荘原","２１７２","6990592","69905","出雲",0,0,5
33101,"ｱｻﾋｶﾜｿｳｺｳｾｲｾﾝﾓﾝｶﾞｸｲﾝ","旭川荘厚生専門学院","岡山県","岡山市北区","祇園","地先","7038560","703  ","岡山東",0,0,5
33101,"ｼﾔｶｲﾌｸｼﾎｳｼﾞﾝ ｱｻﾋｶﾜｿｳ","社会福祉法人　旭川荘","岡山県","岡山市北区","祇園","地先","7038555","703  ","岡山東",0,0,5
33102,"ｵｶﾔﾏｹﾝ ｶﾞﾂｺｳｾｲｶﾂｷﾖｳﾄﾞｳｸﾐｱｲ","岡山県　学校生活協同組合","岡山県","岡山市中区","住吉町","２丁目３８","7038550","703  ","岡山東",0,1,5
33102,"ｵｶﾔﾏｹﾝ ｶﾞﾂｺｳｾｲｶﾂｷﾖｳﾄﾞｳｸﾐｱｲ","岡山県　学校生活協同組合","岡山県","岡山市中区","住吉町","２丁目３８","7038750","703  ","岡山東",0,2,5
33102,"ｵｶﾔﾏｼﾋｶﾞｼﾌｸｼｼﾞﾑｼﾖ","岡山市東福祉事務所","岡山県","岡山市中区","国富","１丁目１−３０","7038566","703  ","岡山東",0,0,5
33102,"ｵｶﾔﾏﾋｶﾞｼｹｲｻﾂｼﾖ","岡山東警察署","岡山県","岡山市中区","浜","１丁目１９−３９","7038575","703  ","岡山東",0,0,5
33102,"ｵｶﾔﾏﾋｶﾞｼｼﾔｶｲﾎｹﾝｼﾞﾑｼﾖ","岡山東社会保険事務所","岡山県","岡山市中区","国富","２２８","7038533","703  ","岡山東",0,0,5
33202,"ｶﾌﾞｼｷｶﾞｲｼﾔ ﾋﾞﾂｸﾞｼﾞﾖﾝ","株式会社　ビッグジョン","岡山県","倉敷市","児島下の町","１丁目１２−２７（児島郵便局私書箱第２１号）","7118686","711  ","児島",1,0,5
33202,"ｺｼﾞﾏ ｾﾞｲﾑｼﾖ","児島　税務署","岡山県","倉敷市","児島小川","５丁目１−６６（児島郵便局私書箱第１９号）","7118650","711  ","児島",1,0,5
33202,"ｶﾌﾞｼｷｶﾞｲｼﾔ ｼﾞﾔﾊﾟﾝｴﾅｼﾞ- ﾐｽﾞｼﾏｾｲﾕｼﾖ","株式会社　ジャパンエナジー　水島精油所","岡山県","倉敷市","潮通","２丁目１","7128588","712  ","水島",0,0,5
33202,"ｼﾝﾆﾎﾝｾｷﾕｾｲｾｲ ｶﾌﾞｼｷｶﾞｲｼﾔ ﾐｽﾞｼﾏｾｲﾕｼﾖ","新日本石油精製　株式会社　水島製油所","岡山県","倉敷市","水島海岸通","４丁目２番","7128558","712  ","水島",0,0,5
33202,"ﾐｽﾞｼﾏｷﾖｳﾄﾞｳｶﾘﾖｸ ｶﾌﾞｼｷｶﾞｲｼﾔ","水島共同火力　株式会社","岡山県","倉敷市","水島川崎通","１丁目１２","7128515","712  ","水島",0,0,5
33211,"ｼﾅｶﾞﾜｼﾛﾚﾝｶﾞ ｶﾌﾞｼｷｶﾞｲｼﾔ ｵｶﾔﾏｺｳｼﾞﾖｳ","品川白煉瓦　株式会社　岡山工場","岡山県","備前市","東片上","８８（備前郵便局私書箱第１５号）","7058615","705  ","備前",1,0,5
34101,"ｶﾌﾞｼｷｶﾞｲｼﾔ ﾃﾞｵﾃﾞｵ","株式会社　デオデオ","広島県","広島市中区","紙屋町","２丁目１−１８","7308620","730  ","広島中央",0,0,5
34101,"ﾕｳﾋﾞﾝｷﾖｸ ｶﾌﾞｼｷｶｲｼﾔ ｶﾀﾛｸﾞﾊﾝﾊﾞｲｾﾝﾀ-","郵便局　株式会社　カタログ販売センター","広島県","広島市中区","八丁堀","６−１０アセンド八丁堀６Ｆ","7308680","730  ","広島中央",0,0,5
34208,"ﾌﾁﾕｳｼﾔｸｼﾖ","府中市役所","広島県","府中市","府川町","３１５（府中郵便局私書箱第８号）","7268601","726  ","府中",1,0,5
35206,"ﾔﾏｸﾞﾁｹﾝﾘﾂﾁﾕｳｵｳﾋﾞﾖｳｲﾝ","山口県立　中央病院","山口県","防府市","大字大崎","７７","7478511","747  ","防府",0,0,5
35206,"ｶﾞﾂｺｳﾎｳｼﾞﾝ ﾀﾀﾗｶﾞｸｴﾝ ﾀﾀﾗｶﾞｸｴﾝｺｳﾄｳｶﾞﾂｺｳ","学校法人　多々良学園　多々良学園高等学校","山口県","防府市","大字台道","３６３５","7471292","74712","防府",0,0,5
35305,"ｽｵｳｵｵｼﾏﾁﾖｳﾔｸﾊﾞ","周防大島町役場","山口県","大島郡周防大島町","大字小松","１３６−２","7422192","74221","大島",0,0,5
37201,"ｶﾌﾞｼｷｶﾞｲｼﾔ ｽｷﾞｳｴ","株式会社　スギウエ","香川県","高松市","林町","２６３−１","7610397","76103","高松南",0,0,5
40103,"ﾜｶﾏﾂｾﾞｲﾑｼﾖ","若松税務署","福岡県","北九州市若松区","白山","１丁目２−３（若松郵便局私書箱第３４号）","8088606","808  ","若松",1,0,5
40610,"ﾂﾀﾞｼﾖｳｼﾞ","津田商事","福岡県","田川郡福智町","赤池","１０１","8221192","82211","赤池",0,0,5
40610,"ﾌｸﾁﾏﾁﾔｸﾊﾞ ｱｶｲｹｼｼﾖ","福智町役場　赤池支所","福岡県","田川郡福智町","赤池","１１４６","8221193","82211","赤池",0,0,5
42201,"ﾀﾞｲｲﾁｾｲﾒｲﾎｹﾝ ｿｳｺﾞｶﾞｲｼﾔ","第一生命保険　相互会社","長崎県","長崎市","西坂町","２−３（長崎中央郵便局私書箱第５７号）","8508606","850  ","長崎中央",1,0,5
43105,"ｶﾌﾞｼｷｶﾞｲｼﾔ ﾃﾚﾋﾞｸﾏﾓﾄ","（株）　テレビ熊本","熊本県","熊本市北区","徳王町","４４０","8615592","86155","北部",0,0,5
44201,"ｾﾞﾝｺｸｹﾝｺｳﾎｹﾝｷﾖｳｶｲ ｵｵｲﾀｼﾌﾞ","全国健康保険協会　大分支部","大分県","大分市","東春日町","１−１ＮＳ大分ビル","8708570","870  ","大分中央",0,0,5
47201,"ｵｷﾅﾜｶｲﾎｳｷﾞﾝｺｳ","沖縄海邦銀行","沖縄県","那覇市","久茂地","２丁目９−１２（那覇中央郵便局私書箱第４３２号）","9008686","900  ","那覇中央",1,0,5
47201,"ｵｷﾅﾜｹﾝﾁﾖｳｿﾝｶｲ","沖縄県町村会","沖縄県","那覇市","壺川","３丁目２番地６","9008531","900  ","那覇中央",0,0,5
47201,"ｵｷﾅﾜﾃﾞﾝﾘﾖｸ ｶﾌﾞｼｷｶﾞｲｼﾔ ﾅﾊｼﾃﾝ","沖縄電力　株式会社　那覇支店","沖縄県","那覇市","旭町","３８−８沖電那覇ビル","9008522","900  ","那覇中央",0,0,5
47201,"ｶﾈﾋﾃﾞｹﾝｾﾂ ｶﾌﾞｼｷｶﾞｲｼﾔ","金秀建設　株式会社","沖縄県","那覇市","旭町","２７","9008527","900  ","那覇中央",0,0,5
47201,"ｶﾌﾞｼｷｶﾞｲｼﾔ ｵ-ｸｽ","株式会社　オークス","沖縄県","那覇市","松山","２丁目３−１０","9008609","900  ","那覇中央",0,0,5
47201,"ｶﾌﾞｼｷｶﾞｲｼﾔ ｵｷﾅﾜﾀｲﾑｽ","株式会社　沖縄タイムス","沖縄県","那覇市","おもろまち","１丁目３−３１（那覇中央郵便局私書箱第２９３号）","9008678","900  ","那覇中央",1,0,5
47201,"ｶﾌﾞｼｷｶﾞｲｼﾔ ｵﾘｴﾝﾄｺ-ﾎﾟﾚ-ｼﾖﾝ","株式会社　オリエントコーポレーション","沖縄県","那覇市","久米","２丁目４−１６","9008507","900  ","那覇中央",0,0,5
47201,"ｶﾌﾞｼｷｶﾞｲｼﾔ ｻﾞﾏﾐ","株式会社　ざまみ","沖縄県","那覇市","松尾","１丁目２−５","9008533","900  ","那覇中央",0,0,5
47201,"ｽﾐﾄﾓｾｲﾒｲﾎｹﾝ ｿｳｺﾞｶｲｼﾔ ｵｷﾅﾜｼｼﾔ","住友生命保険　相互会社　沖縄支社","沖縄県","那覇市","松尾","１丁目１０−２４","9008513","900  ","那覇中央",0,0,5
47201,"ﾆﾎﾝｷﾞﾝｺｳ ﾅﾊｼﾃﾝ","日本銀行　那覇支店","沖縄県","那覇市","松山","１丁目２−１（那覇中央郵便局私書箱第４３６号）","9008666","900  ","那覇中央",1,0,5
47208,"ｶﾌﾞｼｷｶｲｼﾔ ﾀﾞｲｺ-ｵｷﾅﾜ","株式会社　ダイコー沖縄","沖縄県","浦添市","牧港","４丁目１２−１","9012534","90121","浦添",0,0,5
47208,"ｶﾌﾞｼｷｶﾞｲｼﾔ ｻﾝｼﾖｸﾋﾝ","株式会社　サン食品","沖縄県","浦添市","内間","５丁目１０−１５","9012508","90121","浦添",0,0,5
47211,"ｵｷﾅﾜｾﾞｲﾑｼﾖ","沖縄税務署","沖縄県","沖縄市","字美里","１２３５","9042193","90421","沖縄美里",0,0,5
47212,"ｵｷﾅﾜｷﾖｳﾄﾞｳﾋﾞﾖｳｲﾝ","沖縄協同病院","沖縄県","豊見城市","字真玉橋","５９３","9010293","90102","豊見城",0,0,5
47212,"ﾄﾐｸﾞｽｸｼﾔｸｼﾖ","豊見城市役所","沖縄県","豊見城市","字上田","５６１","9010292","90102","豊見城",0,0,5
